<?xml version="1.0"?>
<!DOCTYPE hibernate-mapping PUBLIC
    "-//Hibernate/Hibernate Mapping DTD 3.0//EN"
    "http://hibernate.sourceforge.net/hibernate-mapping-3.0.dtd" >

<hibernate-mapping package="org.openmrs.module.sensorreading">

<!--
	<class name="SensorReading"
		table="${project.parent.artifactId}_SensorReading">
		<id name="id" type="int" column="id" unsaved-value="0">
			<generator class="native" />
		</id>
		<discriminator column="id" insert="false" />
		<property name="uuid" type="java.lang.String" column="uuid"
			length="19" unique="true" />
	</class>
-->

<class name="SensorReading" table="sensor_reading4">
    
		<!--  Making encounter id as foreign key, derived from encounter -->
		<id name="encounter_id" type="java.lang.Integer">
			<column name="encounter_id" />
			<generator class="foreign">
				<param name="property">encounter</param>
			</generator>
		</id>
		<one-to-one name="encounter" class="org.openmrs.Encounter"
			constrained="true"></one-to-one>
		
		<property name="date" type="java.util.Date" 
			column="test_date" not-null="true" length="19"/>
		
		<many-to-one name="sensor" class="org.openmrs.module.sensorreading.SensorMapping" not-null="true">
		    <column name="sensor_id" />
		</many-to-one>
		    
		<!--  <many-to-one name="observation" class="org.openmrs.Obs" not-null="true">
			<column name="observation_id" />
		</many-to-one>		-->
		<many-to-one name="patient" class="org.openmrs.Patient" not-null="true">
			<column name="patient_id" />
		</many-to-one>		
		
	</class>
		
</hibernate-mapping>
